{
    "epoch": 57,
    "Train": {
        "epoch_loss": 0.13032996443950612,
        "epoch_acc": 1.7145869710519634
    },
    "Val": {
        "epoch_loss": 0.43673646077513695,
        "epoch_acc": 1.710720887245841
    }
}