{
    "Metric": {
        "loss": 0.43673646077513695,
        "face_acc": 1.710720887245841
    }
}